{
  "camera_matrix": [
    [
      1365.5635436163288,
      0.0,
      1002.6857022204699
    ],
    [
      0.0,
      1368.130431490221,
      539.7809249235542
    ],
    [
      0.0,
      0.0,
      1.0
    ]
  ],
  "dist_coeffs": [
    [
      0.03376570174268662,
      -0.13886386381997165,
      -0.0016537903591314221,
      0.006131364035608197,
      0.13344601745458468
    ]
  ],
  "reprojection_error": 1.3275648449043749,
  "board": {
    "dictionary": "tag36h11",
    "square_mm": 24.0,
    "marker_mm": 16.0
  },
  "samples": 20,
  "image_size": {
    "width": 1920,
    "height": 1080
  },
  "calibrated_at_epoch_ms": 1771159802246
}