{
  "camera_matrix": [
    [
      1358.2784000573474,
      0.0,
      950.6504098794088
    ],
    [
      0.0,
      1360.3010070645319,
      538.4387324939744
    ],
    [
      0.0,
      0.0,
      1.0
    ]
  ],
  "dist_coeffs": [
    [
      0.185799369253586,
      -0.7629469301141208,
      -0.005283198679999832,
      -0.0010680675511934537,
      0.9738848955408632
    ]
  ],
  "reprojection_error": 0.4835025597078355,
  "board": {
    "dictionary": "tag36h11",
    "square_mm": 38.0,
    "marker_mm": 26.0
  },
  "samples": 20,
  "image_size": {
    "width": 1920,
    "height": 1080
  },
  "calibrated_at_epoch_ms": 1771235990973
}